food,calorie,protein,carbs,fat,Sugar,Fiber,Sodium,Vitamins,Minerals
Chicken Breast,165,31.0,0.0,3.6,0.5,0.0,0.075,0.002,0.001
Salmon,206,22.0,0.0,13.0,0.0,0.0,0.05,0.01,0.002
Brown Rice,215,5.0,1.6,45.0,0.0,3.0,0.0,0.001,0.003
Broccoli,55,3.7,0.6,11.0,1.0,2.0,0.03,0.003,0.002
Almonds,7,0.3,0.6,0.6,0.2,1.0,0.0,0.0,0.001
Whole Wheat Bread,69,3.0,1.0,12.0,1.0,2.0,0.12,0.005,0.002
Greek Yogurt,59,10.0,0.4,3.0,6.0,0.0,0.03,0.002,0.001
Spinach,23,2.9,0.4,3.0,0.4,2.0,0.02,0.004,0.002
Apple,95,0.5,0.3,25.0,19.0,3.0,0.0,0.001,0.001
Olive Oil,119,0.0,13.5,0.0,0.0,0.0,0.0,0.0,0.0
Quinoa,120,4.0,2.0,21.0,0.0,2.0,0.0,0.0,0.001
Banana,105,1.3,0.3,27.0,14.0,3.0,0.001,0.001,0.001
Eggs,68,5.5,4.8,0.6,0.6,0.0,0.07,0.008,0.001
Avocado,160,2.0,15.0,9.0,0.7,4.0,0.014,0.002,0.001
Cottage Cheese,206,28.0,9.0,6.0,3.0,0.0,0.3,0.012,0.002
Sweet Potato,112,2.0,0.2,26.0,6.0,4.0,0.05,0.01,0.001
Turkey Breast,135,30.0,0.0,1.0,0.0,0.0,0.05,0.0,0.002
Tofu,144,15.0,3.9,8.2,0.1,1.5,0.006,0.01,0.001
Quinoa Salad,180,4.0,29.0,6.0,2.0,4.2,0.01,0.002,0.002
Blueberries,57,0.7,14.5,0.3,9.7,2.4,0.001,0.009,0.001
Salad Greens,5,0.5,1.0,0.0,0.1,0.5,0.005,0.07,0.001
Peanut Butter,188,8.0,6.0,16.0,3.0,2.0,0.147,0.0,0.002
Mango,60,0.8,15.0,0.4,14.6,1.6,0.001,0.011,0.001
Chickpeas,164,8.9,27.0,2.6,4.8,7.6,0.013,0.002,0.002
Yogurt Parfait,210,12.0,36.0,3.5,24.0,2.0,0.08,0.015,0.001
Cauliflower Rice,25,2.0,5.0,0.2,1.9,2.7,0.03,0.0,0.002
Lentils,230,18.0,40.0,1.0,2.0,16.0,0.002,0.009,0.002
Salmon Salad,280,25.0,8.0,18.0,2.0,3.0,0.03,0.015,0.002
Oatmeal,150,5.0,27.0,2.0,1.0,4.0,0.0,0.015,0.002
Cucumber,16,0.7,3.6,0.2,1.9,0.5,0.002,0.002,0.001
Pineapple,50,0.5,13.0,0.1,9.9,1.4,0.001,0.047,0.001
Cottage Cheese Wrap,300,25.0,30.0,10.0,3.0,1.5,0.42,0.02,0.002
Kale,33,2.9,6.7,0.5,1.3,1.3,0.029,0.068,0.002
Ground Turkey,220,26.0,0.0,12.0,0.0,0.0,0.08,0.0,0.002
Quinoa Bowl,320,14.0,54.0,6.0,2.0,8.0,0.015,0.006,0.002
Carrot Sticks,41,0.9,10.0,0.2,4.7,2.8,0.069,0.005,0.001
Shrimp Stir Fry,200,25.0,12.0,8.0,2.0,3.0,0.45,0.015,0.002
Pumpkin Seeds,180,9.0,7.0,14.0,0.3,1.1,0.007,0.002,0.001
Mushroom Risotto,320,8.0,56.0,8.0,1.0,3.0,0.6,0.01,0.002
Grapes,69,0.6,18.0,0.2,15.0,0.9,0.002,0.003,0.001
Tuna Salad Wrap,250,20.0,15.0,12.0,1.0,2.0,0.4,0.01,0.002
Chia Pudding,150,4.0,12.0,9.0,8.0,10.0,0.05,0.0,0.002
Green Beans,31,1.8,7.0,0.1,1.0,3.4,0.006,0.016,0.002
Cottage Cheese Pancakes,280,25.0,20.0,10.0,3.0,1.0,0.35,0.015,0.002
Barley Salad,220,5.0,45.0,2.0,0.5,8.0,0.015,0.003,0.002
Kiwi,61,1.1,15.0,0.5,9.0,2.1,0.002,0.092,0.001
Turkey Burger,250,28.0,5.0,13.0,1.0,1.5,0.35,0.008,0.002
Quiche,320,14.0,18.0,22.0,1.0,1.0,0.4,0.02,0.002
Black Beans,120,7.0,22.0,1.0,0.0,7.5,0.001,0.0,0.002
Orange,62,1.2,16.0,0.2,12.0,3.1,0.0,0.089,0.001
Grilled Chicken Salad,180,25.0,8.0,6.0,3.0,2.0,0.3,0.015,0.002
Hummus,70,2.0,8.0,4.0,0.0,2.6,0.18,0.001,0.001
Cabbage Slaw,45,1.2,11.0,0.1,4.5,2.9,0.02,0.032,0.002
Milk,103,8.0,12.0,2.4,12.0,0.0,0.102,0.022,0.002
Spaghetti Squash,31,1.0,7.0,0.6,1.0,2.2,0.017,0.002,0.001
Papaya,43,0.5,11.0,0.4,8.3,1.7,0.008,0.02,0.001
Tofu Stir-Fry,180,16.0,12.0,8.0,2.0,3.0,0.5,0.015,0.002
Walnuts,185,4.3,3.9,18.0,0.7,1.9,0.0,0.0,0.002
Pasta Primavera,250,8.0,50.0,2.0,2.0,8.0,0.01,0.006,0.001
Dragon Fruit,60,1.0,13.0,1.0,9.0,3.0,0.002,0.009,0.001
Salmon Sushi Roll,300,15.0,40.0,10.0,4.0,2.0,0.6,0.01,0.002
Quinoa Salad Bowl,280,9.0,40.0,8.0,1.0,6.0,0.015,0.002,0.002
Asparagus,20,2.2,3.7,0.2,1.8,2.0,0.0,0.016,0.002
Almond Milk,13,1.0,0.5,1.0,0.0,1.0,0.05,0.025,0.002
Couscous Salad,180,5.0,35.0,1.5,1.0,3.0,0.01,0.002,0.001
Mango Smoothie,120,2.0,30.0,0.6,23.0,3.0,0.005,0.021,0.001
Pecans,196,2.6,3.9,20.0,1.1,2.7,0.0,0.0,0.002
Eggplant Parmesan,220,12.0,14.0,14.0,6.0,6.0,0.45,0.012,0.002
Grapefruit,52,0.6,13.0,0.2,8.0,1.6,0.0,0.023,0.001
Chicken Caesar Salad,350,30.0,10.0,20.0,2.0,3.0,0.7,0.02,0.002
Buckwheat Pancakes,210,6.0,42.0,2.0,7.0,4.0,0.3,0.002,0.001
Zucchini,17,1.2,3.1,0.2,1.2,1.0,0.008,0.021,0.001
Coconut Milk,230,2.0,5.0,24.0,0.0,1.0,0.02,0.0,0.002
Chickpea Curry,250,12.0,45.0,5.0,6.0,12.0,0.7,0.01,0.002
Paprika,19,0.9,3.7,0.9,1.4,2.7,0.004,0.025,0.002
Eggplant Stir-Fry,120,2.0,26.0,1.0,6.0,8.0,0.2,0.01,0.002
Hazelnuts,176,4.2,5.1,17.7,1.5,2.7,0.0,0.0,0.002
Cauliflower Pizza,280,12.0,40.0,9.0,2.0,7.0,0.6,0.008,0.002
Berries Mix,70,1.0,17.0,0.5,8.0,6.5,0.0,0.016,0.001
Turkey Wrap,220,20.0,15.0,8.0,3.0,2.0,0.45,0.015,0.002
Buckwheat Salad,200,5.0,40.0,2.0,3.0,8.0,0.15,0.006,0.001
Snap Peas,41,2.5,8.0,0.2,3.4,2.6,0.005,0.038,0.002
Coconut Water,46,0.9,8.9,0.5,6.0,2.6,0.252,0.007,0.002
Lentil Soup,150,9.0,28.0,1.0,1.0,7.0,0.6,0.01,0.002
Pomegranate,83,1.7,18.7,1.0,9.2,4.0,0.003,0.01,0.001
Cabbage Roll,150,10.0,20.0,3.0,5.0,6.0,0.3,0.015,0.002
Pistachios,160,6.0,8.0,13.0,2.0,3.0,0.0,0.0,0.002
Vegetable Curry,220,6.0,40.0,5.0,8.0,9.0,0.45,0.02,0.002
Clementine,35,0.6,8.3,0.2,7.9,1.3,0.001,0.048,0.001
Grilled Shrimp Salad,180,22.0,10.0,7.0,2.0,3.0,0.25,0.015,0.002
Wild Rice Bowl,280,7.0,56.0,2.0,0.0,6.0,0.01,0.0,0.002
Brussels Sprouts,38,3.0,8.0,0.3,1.9,3.3,0.016,0.042,0.002
Coconut Yogurt,120,2.0,15.0,5.0,9.0,0.0,0.015,0.01,0.001
Chickpea Salad Wrap,220,9.0,40.0,4.0,5.0,10.0,0.3,0.015,0.002
Blueberry Smoothie,120,2.0,30.0,0.5,20.0,3.0,0.005,0.021,0.001
Stir-Fried Tofu,180,16.0,10.0,12.0,2.0,4.0,0.3,0.008,0.002
Macadamia Nuts,200,2.2,4.0,21.0,1.5,2.4,0.0,0.0,0.002
Egg Fried Rice,250,8.0,45.0,5.0,1.0,3.0,0.6,0.01,0.002
Passion Fruit,68,2.2,17.0,0.5,16.0,5.4,0.01,0.05,0.001
Grilled Turkey Breast,170,30.0,1.0,4.0,0.0,0.0,0.1,0.01,0.002
Millet Salad,210,7.0,40.0,3.0,2.0,5.0,0.2,0.008,0.001
Artichoke,47,3.3,10.0,0.2,1.0,5.4,0.094,0.015,0.002
Coconut Oil,120,0.0,0.0,14.0,0.0,0.0,0.0,0.0,0.0
Black Bean Burger,220,15.0,30.0,4.0,2.0,7.0,0.4,0.015,0.002
Raspberry Smoothie,90,1.0,22.0,0.5,15.0,5.0,0.005,0.035,0.001
Chickpea Spinach Curry,220,8.0,35.0,5.0,7.0,10.0,0.5,0.015,0.002
Sunflower Seeds,200,7.0,7.0,17.0,1.5,3.9,0.001,0.0,0.002
Caprese Salad,180,12.0,5.0,13.0,2.0,2.0,0.35,0.02,0.002
Papaya Salad,90,1.3,22.0,0.5,11.0,2.5,0.02,0.045,0.001
Shrimp Scampi,220,25.0,6.0,11.0,1.0,1.0,0.35,0.01,0.002
Farro Bowl,240,10.0,48.0,1.5,1.0,8.0,0.01,0.002,0.002
Radish,16,0.7,3.4,0.1,1.9,1.6,0.039,0.016,0.002
Avocado Toast,200,4.0,14.0,15.0,1.0,7.0,0.2,0.006,0.002
Mushroom Risotto,300,9.0,45.0,8.0,2.0,3.0,0.5,0.015,0.002
Strawberry Banana Smoothie,120,1.0,30.0,0.5,20.0,4.0,0.005,0.03,0.001
Lentil Stir-Fry,180,8.0,30.0,4.0,4.0,10.0,0.25,0.015,0.002
Brazil Nuts,190,4.0,3.5,19.0,0.7,2.1,0.0,0.0,0.002
Quinoa Stuffed Bell Peppers,260,9.0,45.0,5.0,6.0,9.0,0.4,0.02,0.002
Watermelon,30,0.6,8.0,0.2,6.0,0.4,0.001,0.01,0.001
Grilled Salmon Salad,200,25.0,10.0,8.0,2.0,3.0,0.3,0.015,0.002
Bulgur Pilaf,180,6.0,35.0,1.0,0.5,8.0,0.01,0.002,0.001
Cucumber Salad,25,0.8,5.4,0.3,1.5,1.0,0.005,0.016,0.002
Almond Butter,190,6.0,6.0,16.0,3.0,3.0,0.0,0.0,0.002
Chickpea Buddha Bowl,240,10.0,35.0,7.0,5.0,10.0,0.4,0.01,0.002
Pineapple Coconut Smoothie,100,1.0,25.0,0.5,18.0,2.0,0.005,0.02,0.001
Sweet Potato Curry,220,6.0,40.0,3.0,8.0,7.0,0.5,0.02,0.002
Pine Nuts,190,3.5,3.7,19.0,1.0,1.0,0.0,0.0,0.002
Egg Fried Quinoa,230,10.0,30.0,7.0,1.0,5.0,0.55,0.012,0.002
Melon,45,0.9,11.0,0.2,9.0,0.9,0.005,0.027,0.001
Grilled Chicken Wrap,280,30.0,15.0,10.0,3.0,2.0,0.45,0.015,0.002
Barley Salad Bowl,220,5.0,45.0,2.0,0.5,8.0,0.015,0.003,0.002
Zucchini Noodles,30,2.0,5.0,0.3,1.8,1.0,0.01,0.016,0.002
Cashew Butter,190,5.0,8.0,16.0,2.0,2.0,0.0,0.0,0.002
Chickpea Fajita Bowl,260,12.0,40.0,5.0,5.0,10.0,0.4,0.01,0.002
Mango Pineapple Smoothie,110,1.0,28.0,0.5,20.0,2.0,0.005,0.03,0.001
Quinoa Stir-Fry,200,8.0,35.0,5.0,3.0,8.0,0.35,0.01,0.002
Pecan Nuts,196,2.6,3.9,20.0,1.1,2.7,0.0,0.0,0.002
Cauliflower Rice Bowl,180,5.0,40.0,2.0,2.0,5.0,0.3,0.008,0.002
Dragon Fruit Bowl,80,2.0,18.0,0.5,12.0,5.0,0.002,0.015,0.001
Grilled Shrimp Skewers,160,22.0,5.0,8.0,1.0,1.0,0.3,0.01,0.002
Millet Porridge,220,5.0,45.0,2.0,1.0,7.0,0.2,0.015,0.002
Broccoli Salad,35,3.0,6.0,0.4,1.0,2.5,0.03,0.065,0.002
Pistachio Butter,180,5.0,6.0,15.0,2.0,3.0,0.0,0.0,0.002
Chickpea Stir-Fry,240,10.0,35.0,6.0,5.0,9.0,0.4,0.015,0.002
Papaya Smoothie Bowl,120,2.0,30.0,0.5,18.0,3.0,0.005,0.025,0.001
Sweet Potato Bowl,250,6.0,50.0,3.0,8.0,10.0,0.45,0.02,0.002
Hazelnut Butter,180,4.0,3.0,18.0,1.0,2.0,0.0,0.0,0.002
Spaghetti Squash Pasta,180,5.0,40.0,2.0,1.0,5.0,0.01,0.002,0.001
Apple Slices,52,0.3,14.0,0.2,10.0,2.0,0.0,0.001,0.001
Grilled Turkey Burger,200,25.0,2.0,10.0,0.0,0.0,0.08,0.015,0.002
Buckwheat Pancake Stack,220,7.0,45.0,1.5,5.0,3.0,0.2,0.002,0.002
Cabbage Slaw Bowl,60,1.5,15.0,0.2,4.0,3.0,0.01,0.035,0.002
Almond Yogurt,100,3.0,15.0,3.0,8.0,1.0,0.05,0.01,0.001
Lentil Veggie Bowl,230,15.0,40.0,2.0,4.0,10.0,0.5,0.012,0.002
Mixed Berry Smoothie,110,2.0,25.0,0.5,18.0,3.0,0.005,0.02,0.001
Chickpea Avocado Salad,220,8.0,35.0,7.0,5.0,9.0,0.35,0.018,0.002
Walnut Butter,200,4.5,3.0,18.0,1.0,2.0,0.0,0.0,0.002
Cauliflower Gnocchi,190,5.0,35.0,1.0,2.0,8.0,0.3,0.015,0.002
Grapes,69,0.6,18.0,0.2,15.0,0.9,0.002,0.047,0.001
Grilled Chicken Skewers,180,26.0,3.0,8.0,0.0,0.0,0.1,0.015,0.002
Quinoa Breakfast Bowl,240,8.0,45.0,4.0,1.0,7.0,0.3,0.006,0.001
Zucchini Fritters,120,5.0,15.0,6.0,2.0,3.0,0.25,0.01,0.002
Cashew Milk,60,1.0,8.0,3.0,5.0,0.5,0.08,0.0,0.002
Chickpea Tomato Curry,250,12.0,30.0,5.0,8.0,10.0,0.45,0.02,0.002
Berry Chia Pudding,150,3.0,20.0,7.0,10.0,8.0,0.005,0.015,0.001
Spinach Quinoa Salad,180,6.0,30.0,5.0,3.0,7.0,0.35,0.02,0.002
Sun-Dried Tomato Pesto,160,2.0,6.0,16.0,2.0,3.0,0.3,0.002,0.001
Cauliflower Pizza,220,8.0,30.0,9.0,2.0,5.0,0.4,0.015,0.002
Pineapple,50,0.5,13.0,0.1,9.0,1.4,0.001,0.079,0.001
Turkey and Veggie Stir-Fry,200,24.0,8.0,9.0,2.0,2.0,0.35,0.01,0.002
Quinoa Buddha Bowl,240,9.0,40.0,6.0,1.0,8.0,0.2,0.01,0.002
Cucumber Rolls,30,1.0,6.0,0.5,1.5,1.0,0.01,0.025,0.002
Coconut Cream,120,1.0,1.0,13.0,1.0,0.0,0.015,0.0,0.002
Chickpea Spinach Curry,250,12.0,35.0,6.0,6.0,9.0,0.4,0.015,0.002
Blueberry Acai Bowl,130,2.0,30.0,1.0,15.0,5.0,0.01,0.025,0.001
Chickpea and Quinoa Bowl,230,9.0,38.0,5.0,4.0,9.0,0.3,0.015,0.002
Cashew Hummus,180,6.0,10.0,14.0,1.0,3.0,0.35,0.002,0.001
Spaghetti Squash Stir-Fry,190,5.0,40.0,2.0,2.0,6.0,0.25,0.01,0.002
Orange Slices,62,1.2,15.0,0.2,12.0,2.3,0.001,0.063,0.001
Salmon Salad with Avocado,220,24.0,10.0,10.0,1.0,2.0,0.3,0.015,0.002
Millet Porridge Bowl,250,7.0,50.0,2.0,1.0,8.0,0.2,0.012,0.002
Grilled Eggplant,40,2.0,8.0,0.5,1.5,3.0,0.01,0.015,0.002
Hazelnut Milk,80,2.0,1.0,7.0,6.0,0.5,0.05,0.002,0.002
Chickpea and Spinach Stew,220,11.0,30.0,4.0,5.0,8.0,0.4,0.018,0.002
Mixed Berry Parfait,150,3.0,25.0,4.0,15.0,5.0,0.005,0.03,0.001
Quinoa and Black Bean Bowl,250,10.0,45.0,4.0,2.0,10.0,0.4,0.018,0.002
Almond Pesto,160,3.0,5.0,14.0,1.5,2.0,0.25,0.006,0.001
Zucchini Noodles with Pesto,180,5.0,15.0,12.0,2.0,5.0,0.35,0.01,0.002
Kiwi Slices,61,1.1,14.0,0.5,9.0,2.1,0.002,0.051,0.001
Grilled Turkey and Veggie Wrap,220,26.0,10.0,8.0,3.0,2.0,0.4,0.015,0.002
Farro and Vegetable Salad,210,6.0,40.0,3.0,1.0,7.0,0.3,0.008,0.002
Cauliflower and Broccoli Soup,45,3.0,8.0,0.5,2.0,3.0,0.25,0.015,0.002
Chickpea and Tomato Pasta,240,12.0,30.0,5.0,8.0,10.0,0.45,0.02,0.002
Mixed Fruit Smoothie,110,2.0,25.0,0.5,18.0,3.0,0.005,0.025,0.001
Chickpea and Kale Salad,200,8.0,30.0,7.0,5.0,8.0,0.35,0.02,0.002
Peanut Butter,190,8.0,6.0,16.0,2.0,3.0,0.15,0.0,0.001
Mushroom and Spinach Risotto,220,7.0,45.0,4.0,1.0,5.0,0.4,0.015,0.002
Pear Slices,57,0.6,15.0,0.2,9.0,3.1,0.0,0.001,0.001
Grilled Chicken and Quinoa Bowl,240,28.0,15.0,9.0,1.0,2.0,0.35,0.012,0.002
Brown Rice and Vegetable Stir-Fry,200,5.0,40.0,2.0,2.0,6.0,0.3,0.01,0.002
Cucumber and Tomato Salad,30,1.0,6.0,0.3,1.0,1.5,0.015,0.02,0.002
Oat Milk,80,1.0,15.0,1.0,5.0,1.0,0.05,0.015,0.002
Lentil and Quinoa Stew,230,13.0,30.0,5.0,6.0,9.0,0.4,0.018,0.002
Banana and Berry Smoothie,120,2.0,30.0,0.5,20.0,4.0,0.005,0.025,0.001
Quinoa and Chickpea Salad,220,10.0,35.0,5.0,4.0,8.0,0.3,0.015,0.002
Cashew and Basil Pesto,170,4.0,7.0,15.0,1.5,2.0,0.2,0.008,0.001
Sweet Potato Noodles,190,3.0,45.0,1.0,2.0,6.0,0.25,0.01,0.002
Mango Slices,60,0.6,15.0,0.4,13.0,1.6,0.0,0.06,0.001
Grilled Salmon and Asparagus,240,30.0,8.0,12.0,1.0,2.0,0.4,0.018,0.002
Quinoa and Vegetable Stir-Fry,210,7.0,40.0,3.0,1.0,7.0,0.35,0.01,0.002
Tomato and Cucumber Salsa,25,1.0,5.0,0.2,1.0,2.0,0.02,0.015,0.002
Chickpea and Spinach Pasta,240,12.0,30.0,5.0,7.0,10.0,0.45,0.02,0.002
Pineapple and Mango Smoothie,110,1.0,28.0,0.5,18.0,3.0,0.005,0.02,0.001
Whole Wheat Bread,80,3.0,15.0,1.0,1.0,3.0,0.15,0.002,0.001
Milk,120,8.0,12.0,5.0,10.0,0.0,0.12,0.03,0.002
Strawberry Jam,50,0.0,12.0,0.0,10.0,0.5,0.005,0.0,0.0
Peanut Butter Sandwich,300,10.0,30.0,15.0,3.0,5.0,0.35,0.002,0.001
Banana,105,1.3,27.0,0.3,14.0,3.1,0.001,0.022,0.001
Grilled Chicken Burger,350,25.0,30.0,15.0,3.0,2.0,0.4,0.015,0.002
Vegetarian Pizza,250,10.0,35.0,8.0,2.0,5.0,0.35,0.01,0.002
Eggs,70,6.0,1.0,5.0,0.6,0.0,0.07,0.01,0.002
Avocado Toast,200,4.0,15.0,15.0,1.0,7.0,0.2,0.006,0.002
Orange Juice,110,1.0,26.0,0.5,21.0,0.5,0.005,0.05,0.001
Oatmeal,150,5.0,27.0,2.5,0.0,4.0,0.0,0.01,0.002
Mango Smoothie,120,2.0,30.0,0.5,18.0,3.0,0.005,0.02,0.001
Chicken Sandwich,300,20.0,30.0,12.0,3.0,2.0,0.4,0.015,0.002
Cheese Pizza,280,12.0,36.0,10.0,2.0,2.0,0.35,0.015,0.002
Apple,95,0.5,25.0,0.3,19.0,3.7,0.0,0.014,0.0001
Pasta with Tomato Sauce,200,7.0,40.0,1.0,5.0,3.0,0.3,0.008,0.002
Yogurt,150,8.0,12.0,8.0,10.0,0.0,0.1,0.03,0.002
Scrambled Eggs,140,14.0,1.0,9.0,0.6,0.0,0.14,0.015,0.002
Peanut Butter and Jelly Sandwich,350,10.0,45.0,15.0,15.0,3.0,0.3,0.0,0.001
Green Salad,50,2.0,10.0,0.5,2.0,3.0,0.05,0.02,0.002
Brown Rice,215,5.0,45.0,1.6,0.0,3.5,0.01,0.002,0.002
Coffee,2,0.3,0.0,0.1,0.0,0.0,0.005,0.0,0.0
Cheese Sandwich,320,15.0,30.0,15.0,2.0,2.0,0.4,0.015,0.002
Margherita Pizza,220,10.0,25.0,10.0,2.0,3.0,0.3,0.012,0.001
Spaghetti Bolognese,300,15.0,40.0,10.0,5.0,3.0,0.35,0.01,0.002
Milkshake,200,5.0,30.0,8.0,20.0,1.0,0.15,0.025,0.001
Hard-Boiled Eggs,68,5.0,0.6,5.0,0.6,0.0,0.062,0.015,0.002
Peanut Butter Toast,180,7.0,20.0,10.0,2.0,3.0,0.15,0.0,0.001
Vegetable Stir-Fry,120,5.0,20.0,3.0,4.0,5.0,0.2,0.015,0.002
Salmon Sushi Roll,220,15.0,25.0,10.0,2.0,3.0,0.3,0.015,0.002
Green Tea,0,0.0,0.0,0.0,0.0,0.0,0.005,0.0,0.0
Turkey and Cheese Wrap,300,20.0,25.0,15.0,2.0,3.0,0.4,0.01,0.002
Vegetarian Calzone,250,12.0,30.0,8.0,3.0,4.0,0.35,0.01,0.002
Apple Slices with Peanut Butter,180,5.0,20.0,10.0,8.0,4.0,0.05,0.002,0.002
Vegetable Lasagna,280,15.0,30.0,12.0,5.0,6.0,0.4,0.02,0.002
Iced Coffee,30,0.5,5.0,0.0,5.0,0.0,0.01,0.0,0.0
Greek Yogurt Parfait,200,15.0,20.0,8.0,12.0,2.0,0.1,0.025,0.002
Cottage Cheese with Pineapple,150,14.0,10.0,6.0,10.0,0.0,0.18,0.015,0.002
Grilled Cheese Sandwich,320,15.0,30.0,15.0,2.0,2.0,0.4,0.015,0.002
Baked Chicken Breast,165,31.0,0.0,3.6,0.0,0.0,0.07,0.0,0.002
Green Smoothie,100,2.0,25.0,0.5,15.0,5.0,0.01,0.05,0.001
Classic Hamburger,300,15.0,30.0,15.0,3.0,2.0,0.4,0.01,0.002
Caprese Salad,150,8.0,10.0,10.0,3.0,2.0,0.2,0.015,0.002
Orange,62,1.2,15.0,0.2,12.0,2.3,0.001,0.063,0.001
Quinoa Salad,200,7.0,35.0,5.0,2.0,5.0,0.25,0.01,0.002
Iced Tea,5,0.0,1.0,0.0,0.0,0.0,0.005,0.0,0.0
Plain Yogurt,100,10.0,5.0,5.0,5.0,0.0,0.05,0.03,0.002
Peanut Butter and Banana Sandwich,350,10.0,45.0,15.0,15.0,3.0,0.3,0.0,0.001
Caesar Salad,250,15.0,10.0,18.0,2.0,4.0,0.3,0.02,0.002
Grilled Salmon,200,22.0,0.0,13.0,0.0,0.0,0.05,0.0,0.002
Black Coffee,2,0.2,0.0,0.0,0.0,0.0,0.005,0.0,0.0
Turkey Club Sandwich,350,25.0,20.0,18.0,3.0,2.0,0.4,0.01,0.002
Margherita Flatbread,220,8.0,30.0,8.0,2.0,3.0,0.3,0.012,0.001
Vegetable Stir-Fry,150,5.0,25.0,5.0,3.0,4.0,0.2,0.02,0.002
Iced Lemonade,80,0.0,20.0,0.0,18.0,0.0,0.01,0.01,0.0
Almond Milk,60,1.0,1.0,5.0,0.0,1.0,0.05,0.03,0.002
Banana Smoothie,120,1.0,30.0,0.5,18.0,3.0,0.005,0.025,0.001
Roast Chicken,250,30.0,0.0,15.0,0.0,0.0,0.08,0.0,0.002
Espresso,1,0.1,0.0,0.0,0.0,0.0,0.001,0.0,0.0
BLT Sandwich,400,15.0,30.0,25.0,3.0,2.0,0.4,0.01,0.002
Vegetarian Wrap,280,12.0,35.0,10.0,2.0,4.0,0.35,0.012,0.001
Quinoa Bowl,300,10.0,40.0,12.0,2.0,6.0,0.25,0.01,0.002
Iced Latte,60,1.0,6.0,3.0,6.0,0.0,0.02,0.0,0.0
Coconut Milk,80,1.0,1.0,7.0,0.0,0.0,0.02,0.01,0.002
Fruit Salad,120,1.0,30.0,0.5,22.0,4.0,0.005,0.03,0.001
Grilled Cheese,230,10.0,20.0,15.0,2.0,1.0,0.3,0.02,0.002
Grilled Shrimp,120,20.0,2.0,5.0,0.0,0.0,0.2,0.0,0.002
Iced Green Tea,5,0.0,1.0,0.0,0.0,0.0,0.005,0.0,0.0
Caesar Wrap,350,15.0,25.0,22.0,3.0,2.0,0.4,0.015,0.002
Margherita Panini,300,10.0,30.0,15.0,2.0,3.0,0.3,0.012,0.001
Banana,95,1.3,25.0,0.3,14.0,3.1,0.001,0.022,0.001
Brown Rice Bowl,250,8.0,40.0,5.0,2.0,6.0,0.3,0.01,0.002
Iced Chai Latte,80,1.0,10.0,4.0,8.0,0.0,0.03,0.0,0.0
Almond Butter,180,7.0,5.0,15.0,1.0,3.0,0.0,0.0,0.001
Greek Salad,200,10.0,15.0,15.0,4.0,3.0,0.3,0.02,0.002
Cheese Quesadilla,320,15.0,30.0,15.0,2.0,2.0,0.4,0.015,0.002
Grilled Tofu,180,15.0,10.0,12.0,2.0,5.0,0.3,0.01,0.002
Black Tea,2,0.2,0.5,0.0,0.0,0.0,0.005,0.0,0.0
Chicken Caesar Salad,280,20.0,15.0,18.0,3.0,4.0,0.4,0.015,0.002
Mushroom Risotto,220,6.0,40.0,5.0,1.0,4.0,0.35,0.008,0.002
Pear,57,0.6,15.0,0.2,12.0,3.1,0.0,0.001,0.001
Quinoa and Black Bean Burrito,300,12.0,45.0,8.0,2.0,7.0,0.35,0.015,0.002
Iced Mocha,120,1.0,20.0,5.0,12.0,1.0,0.02,0.0,0.0
Cashew Butter,160,5.0,8.0,14.0,1.0,2.0,0.0,0.0,0.002
Caprese Pizza,250,12.0,30.0,10.0,2.0,3.0,0.35,0.012,0.001
Turkey and Cheese Quesadilla,280,20.0,15.0,18.0,3.0,2.0,0.4,0.01,0.002
Salmon Fillet,220,25.0,0.0,13.0,0.0,0.0,0.06,0.0,0.002
Chicken Avocado Wrap,320,20.0,25.0,15.0,3.0,2.0,0.4,0.01,0.002
Margherita Pizza,280,12.0,30.0,12.0,2.0,3.0,0.35,0.012,0.001
Quinoa and Vegetable Stir-Fry,200,5.0,40.0,2.0,2.0,6.0,0.3,0.01,0.002
Iced Americano,5,0.5,1.0,0.0,0.0,0.0,0.01,0.0,0.0
Greek Salad,180,8.0,12.0,12.0,4.0,3.0,0.3,0.02,0.002
Grilled Chicken Salad,180,25.0,10.0,8.0,3.0,4.0,0.35,0.015,0.002
Iced Chamomile Tea,0,0.0,0.0,0.0,0.0,0.0,0.005,0.0,0.0
Turkey and Swiss Sandwich,350,20.0,30.0,15.0,3.0,2.0,0.4,0.015,0.002
Vegetarian Margherita Flatbread,240,8.0,35.0,7.0,2.0,3.0,0.3,0.012,0.001
Quinoa and Chickpea Bowl,280,10.0,40.0,9.0,2.0,7.0,0.35,0.015,0.002
Iced Rooibos Tea,0,0.0,0.0,0.0,0.0,0.0,0.005,0.0,0.0
Olive Oil,120,0.0,0.0,14.0,0.0,0.0,0.0,0.0,0.0
Caesar Salad,200,10.0,15.0,15.0,4.0,3.0,0.3,0.02,0.002
Cheese and Tomato Panini,300,12.0,30.0,15.0,2.0,3.0,0.3,0.012,0.001
Grilled Salmon Salad,250,30.0,15.0,12.0,3.0,5.0,0.4,0.015,0.002
Iced Herbal Tea,5,0.0,1.0,0.0,0.0,0.0,0.005,0.0,0.0
Chicken Caesar Wrap,320,22.0,20.0,15.0,3.0,2.0,0.4,0.01,0.002
Vegetarian Margherita Pizza,280,12.0,30.0,10.0,2.0,3.0,0.35,0.012,0.001
Quinoa and Black Bean Salad,220,8.0,35.0,5.0,2.0,7.0,0.35,0.015,0.002
Iced Peppermint Tea,0,0.0,0.0,0.0,0.0,0.0,0.005,0.0,0.0
Avocado,160,2.0,9.0,15.0,0.7,6.7,0.01,0.004,0.002
Greek Chicken Salad,200,25.0,10.0,8.0,3.0,4.0,0.35,0.015,0.002
Tomato and Mozzarella Panini,300,14.0,25.0,15.0,2.0,3.0,0.3,0.012,0.001
Baked Chicken Thighs,200,22.0,0.0,12.0,0.0,0.0,0.08,0.0,0.002
Iced Matcha Latte,50,1.0,10.0,1.0,10.0,2.0,0.01,0.0,0.0
Turkey Club Salad,300,20.0,15.0,18.0,3.0,4.0,0.4,0.015,0.002
Vegetarian Margherita Pasta,250,10.0,30.0,8.0,2.0,3.0,0.3,0.012,0.001
Quinoa and Vegetable Wrap,280,12.0,35.0,9.0,2.0,6.0,0.35,0.01,0.002
Iced Hibiscus Tea,5,0.0,1.0,0.0,0.0,0.0,0.005,0.0,0.0
Coconut Water,45,0.5,11.0,0.0,6.0,0.0,0.025,0.005,0.002
Caesar Chicken Wrap,320,25.0,20.0,15.0,3.0,2.0,0.4,0.01,0.002
Mushroom and Swiss Panini,280,12.0,25.0,14.0,2.0,3.0,0.3,0.012,0.001
Grilled Tuna Steak,180,25.0,1.0,8.0,0.0,0.0,0.06,0.0,0.002
Iced Lemon Tea,10,0.0,3.0,0.0,2.0,0.0,0.005,0.0,0.0
Chicken Avocado Salad,280,20.0,15.0,18.0,3.0,4.0,0.4,0.015,0.002
Vegetarian Margherita Sandwich,250,10.0,30.0,8.0,2.0,3.0,0.3,0.012,0.001
Quinoa and Lentil Bowl,220,12.0,35.0,4.0,1.0,6.0,0.3,0.015,0.002
Iced Ginger Tea,5,0.0,1.0,0.0,1.0,0.0,0.005,0.0,0.0
Olive Tapenade,80,1.0,5.0,6.0,0.0,2.0,0.15,0.002,0.002
Greek Chicken Gyro,300,25.0,15.0,15.0,3.0,2.0,0.4,0.015,0.002
Caprese Panini,280,12.0,25.0,14.0,2.0,3.0,0.3,0.012,0.001
Roasted Turkey Breast,150,30.0,0.0,3.0,0.0,0.0,0.06,0.0,0.002
Iced Peach Tea,15,0.0,4.0,0.0,3.0,0.0,0.005,0.0,0.0
Chicken Caesar Bowl,320,22.0,20.0,15.0,3.0,2.0,0.4,0.01,0.002
Margherita Flatbread Sandwich,250,10.0,30.0,8.0,2.0,3.0,0.3,0.012,0.001
Quinoa and Chickpea Salad,220,8.0,35.0,5.0,2.0,7.0,0.35,0.015,0.002
Iced Lavender Tea,5,0.0,1.0,0.0,0.0,0.0,0.005,0.0,0.0
Almond Butter,180,7.0,5.0,15.0,1.0,2.0,0.0,0.0,0.002
Greek Chicken Wrap,300,25.0,15.0,12.0,3.0,4.0,0.35,0.015,0.002
Caprese Pasta Salad,280,12.0,25.0,14.0,2.0,3.0,0.3,0.012,0.001
Baked Cod Fish,120,25.0,0.0,2.0,0.0,0.0,0.05,0.0,0.002
Iced Berry Tea,10,0.0,3.0,0.0,2.0,0.0,0.005,0.0,0.0
Chicken Caesar Wrap,300,22.0,20.0,15.0,3.0,2.0,0.4,0.01,0.002
Quinoa and Vegetable Stir-Fry,220,8.0,35.0,5.0,2.0,7.0,0.35,0.015,0.002
Iced Peppermint Tea,5,0.0,1.0,0.0,0.0,0.0,0.005,0.0,0.0
Chicken Caesar Salad,200,25.0,10.0,8.0,3.0,4.0,0.35,0.015,0.002
Chana Masala,150,7.0,25.0,5.0,3.0,6.0,0.3,0.01,0.002
Masoor Dal,120,9.0,20.0,2.0,1.0,8.0,0.2,0.005,0.001
Chicken Biryani,300,20.0,30.0,15.0,2.0,3.0,0.4,0.01,0.002
Vegetable Pulao,250,5.0,40.0,8.0,2.0,5.0,0.3,0.008,0.002
Mango Lassi,150,5.0,30.0,2.0,25.0,1.0,0.02,0.01,0.001
Palak Paneer,200,15.0,10.0,12.0,3.0,5.0,0.35,0.015,0.002
Tandoori Roti,100,3.0,15.0,2.0,0.0,2.0,0.15,0.0,0.0
Coconut Chutney,50,1.0,5.0,3.0,1.0,2.0,0.1,0.0,0.001
Gulab Jamun,200,2.0,30.0,10.0,20.0,1.0,0.01,0.002,0.0
Aloo Gobi,180,5.0,20.0,10.0,3.0,4.0,0.25,0.015,0.001
Rice(Steamed),150,3.0,30.0,1.0,0.0,1.0,0.0,0.0,0.0
Dal Tadka,120,8.0,15.0,5.0,1.0,5.0,0.25,0.005,0.001
Roti,80,2.0,15.0,1.0,0.0,2.0,0.1,0.0,0.0
Aloo Paratha,250,5.0,30.0,12.0,1.0,3.0,0.2,0.01,0.001
Paneer Bhurji,200,15.0,10.0,12.0,2.0,4.0,0.3,0.015,0.002
Cucumber Raita,50,2.0,6.0,2.0,3.0,1.0,0.05,0.002,0.001
Chapati,70,2.0,12.0,1.0,0.0,1.0,0.08,0.0,0.0
Baingan Bharta,120,5.0,15.0,6.0,2.0,4.0,0.2,0.01,0.001
Masala Chai,50,1.0,8.0,2.0,5.0,1.0,0.01,0.002,0.0
Samosa,150,3.0,20.0,7.0,1.0,2.0,0.2,0.002,0.001
Khichdi,200,6.0,30.0,5.0,1.0,6.0,0.3,0.005,0.001
Bhindi Masala,120,3.0,15.0,7.0,2.0,4.0,0.2,0.01,0.001
Poha,150,3.0,30.0,2.0,1.0,3.0,0.15,0.002,0.001
Rajma Chawal,250,10.0,40.0,5.0,2.0,8.0,0.3,0.008,0.002
Curd Rice,180,5.0,25.0,6.0,4.0,2.0,0.1,0.002,0.001
Aloo Matar,160,4.0,20.0,8.0,2.0,3.0,0.25,0.01,0.001
Jalebi,250,2.0,40.0,10.0,30.0,1.0,0.005,0.0,0.001
Dosa,120,2.0,25.0,2.0,0.0,2.0,0.08,0.0,0.0
Mango,60,1.0,15.0,0.3,12.0,2.0,0.0,0.045,0.001
Lassi,100,3.0,15.0,3.0,10.0,0.0,0.03,0.002,0.001
Chapati,80,2.0,15.0,1.0,0.0,2.0,0.1,0.0,0.0
Rajma,160,8.0,30.0,2.0,1.0,6.0,0.25,0.005,0.001
Chicken Curry,250,20.0,10.0,15.0,2.0,3.0,0.35,0.01,0.002
Vegetable Biryani,300,7.0,40.0,10.0,2.0,5.0,0.3,0.008,0.002
Butter Chicken,350,25.0,15.0,20.0,3.0,2.0,0.4,0.01,0.002
Paneer Tikka,200,15.0,10.0,12.0,2.0,4.0,0.3,0.015,0.002
Dal Fry,140,7.0,20.0,5.0,1.0,4.0,0.2,0.005,0.001
Dhokla,120,5.0,25.0,2.0,1.0,3.0,0.15,0.002,0.001
Chana Chaat,150,7.0,30.0,2.0,3.0,6.0,0.2,0.005,0.001
Dhal Tadka,150,8.0,20.0,5.0,1.0,6.0,0.25,0.005,0.001
Vegetable Pulao,200,5.0,35.0,5.0,1.0,4.0,0.2,0.008,0.001
Lassi,80,3.0,10.0,2.0,8.0,0.0,0.02,0.002,0.001
Papad,50,2.0,10.0,0.0,0.0,1.0,0.1,0.0,0.0
Cabbage Sabzi,90,2.0,15.0,3.0,2.0,4.0,0.15,0.01,0.001
Chicken Masala,280,20.0,15.0,18.0,3.0,2.0,0.4,0.015,0.002
Vegetable Biryani,250,5.0,40.0,8.0,2.0,5.0,0.3,0.008,0.002
Aloo Paratha,300,5.0,30.0,15.0,1.0,3.0,0.2,0.01,0.001
Chana Masala,200,10.0,25.0,5.0,2.0,5.0,0.25,0.005,0.002
Dal Fry,150,8.0,20.0,5.0,1.0,4.0,0.2,0.005,0.001
Curd,60,3.0,6.0,3.0,4.0,0.0,0.02,0.002,0.001
Pav Bhaji,300,5.0,40.0,12.0,5.0,6.0,0.4,0.01,0.002
Bhindi Masala,100,3.0,15.0,5.0,2.0,4.0,0.15,0.01,0.001
Jeera Rice,150,3.0,30.0,2.0,0.0,1.0,0.0,0.0,0.0
Aloo Gobi,150,5.0,20.0,8.0,3.0,4.0,0.25,0.015,0.001
Butter Naan,200,5.0,30.0,6.0,1.0,3.0,0.25,0.0,0.0
Palak Dal,130,7.0,15.0,6.0,1.0,5.0,0.2,0.005,0.001
Chole,180,10.0,25.0,5.0,2.0,6.0,0.25,0.01,0.002
Mango Lassi,120,3.0,20.0,3.0,15.0,1.0,0.02,0.005,0.001
Tandoori Chicken,300,25.0,0.0,15.0,0.0,0.0,0.35,0.01,0.002
Biryani,300,7.0,40.0,10.0,2.0,5.0,0.3,0.008,0.002
Chana Masala,180,8.0,25.0,6.0,2.0,7.0,0.3,0.005,0.002
Bhindi Fry,120,3.0,15.0,7.0,2.0,4.0,0.2,0.01,0.001
Rice,100,2.0,20.0,0.5,0.0,1.0,0.0,0.0,0.0
Dal Makhani,200,10.0,20.0,10.0,2.0,8.0,0.25,0.005,0.001
Aloo Jeera,150,3.0,25.0,5.0,2.0,3.0,0.2,0.005,0.001
Paneer Tikka Masala,300,15.0,20.0,18.0,3.0,4.0,0.4,0.015,0.002
Sambhar,120,5.0,25.0,2.0,1.0,5.0,0.2,0.005,0.001
Chicken Tikka,200,15.0,5.0,12.0,1.0,3.0,0.3,0.01,0.002
Upma,180,4.0,30.0,5.0,1.0,4.0,0.2,0.005,0.001
Butter Roti,150,3.0,20.0,6.0,0.0,1.0,0.1,0.0,0.0
Kadhi Chawal,250,8.0,30.0,10.0,3.0,2.0,0.25,0.005,0.001
Mango Shake,150,3.0,25.0,4.0,15.0,1.0,0.02,0.005,0.001
Egg Curry,280,20.0,10.0,18.0,2.0,3.0,0.35,0.01,0.002
Idli Sambar,200,5.0,40.0,2.0,2.0,5.0,0.2,0.008,0.001
Fish Curry,250,20.0,15.0,12.0,2.0,3.0,0.3,0.01,0.002
Cabbage Sabzi,100,2.0,15.0,5.0,2.0,4.0,0.15,0.01,0.001
Lentil Soup (Dal),120,8.0,15.0,3.0,1.0,5.0,0.2,0.005,0.001
Puri Bhaji,300,5.0,40.0,12.0,2.0,3.0,0.3,0.008,0.002
Egg Bhurji,200,15.0,10.0,12.0,2.0,3.0,0.35,0.015,0.002
Methi Thepla,120,3.0,20.0,5.0,1.0,2.0,0.15,0.002,0.0
Tomato Rasam,80,2.0,15.0,1.0,3.0,1.0,0.1,0.005,0.001
Mango Lassi,150,5.0,30.0,2.0,20.0,1.0,0.02,0.01,0.001
Poha,180,4.0,35.0,3.0,1.0,3.0,0.15,0.002,0.001
Chicken Korma,280,20.0,10.0,15.0,2.0,3.0,0.35,0.01,0.002
Paneer Butter Masala,300,15.0,20.0,18.0,3.0,4.0,0.4,0.015,0.002
Masoor Dal,150,8.0,20.0,2.0,1.0,8.0,0.2,0.005,0.001
Dhokla,150,5.0,30.0,2.0,1.0,3.0,0.15,0.002,0.001
Chicken Kebab,200,18.0,2.0,12.0,1.0,2.0,0.3,0.01,0.002
Chana Chaat,120,7.0,20.0,2.0,3.0,6.0,0.2,0.005,0.001
Rasam,50,1.0,10.0,1.0,2.0,1.0,0.1,0.005,0.001
Aloo Baingan,120,3.0,20.0,5.0,1.0,3.0,0.15,0.01,0.001
Puri,150,3.0,25.0,6.0,2.0,3.0,0.15,0.0,0.0
Lemon Rice,200,4.0,40.0,5.0,1.0,2.0,0.2,0.005,0.001
Tandoori Chicken,250,25.0,0.0,15.0,0.0,0.0,0.35,0.01,0.002
Vegetable Samosa,150,3.0,20.0,7.0,1.0,2.0,0.2,0.002,0.001
Raita,80,4.0,8.0,4.0,3.0,1.0,0.05,0.002,0.001
Aloo Tikki,100,2.0,15.0,5.0,1.0,2.0,0.15,0.002,0.001
Masala Dosa,200,5.0,30.0,8.0,1.0,3.0,0.2,0.005,0.001
Chicken Curry,250,20.0,15.0,12.0,2.0,3.0,0.3,0.01,0.002
Vegetable Upma,150,4.0,30.0,3.0,1.0,4.0,0.15,0.002,0.001
Mango Lassi,150,3.0,25.0,4.0,20.0,1.0,0.02,0.005,0.001
Sarson Da Saag,120,5.0,15.0,6.0,2.0,3.0,0.15,0.01,0.001
Gulab Jamun,150,2.0,30.0,5.0,15.0,1.0,0.02,0.0,0.0
Aloo Matar,180,4.0,25.0,7.0,2.0,4.0,0.2,0.005,0.001
Bhutte Ka Kees,200,5.0,30.0,8.0,3.0,3.0,0.15,0.008,0.001
Jalebi,200,2.0,40.0,8.0,20.0,0.0,0.01,0.0,0.0
Papdi Chaat,250,5.0,30.0,10.0,3.0,2.0,0.2,0.005,0.002
Raj Kachori,300,8.0,40.0,15.0,5.0,4.0,0.25,0.002,0.002
Samosa Chaat,200,5.0,25.0,10.0,3.0,2.0,0.15,0.005,0.001
Gajar Ka Halwa,180,3.0,25.0,8.0,10.0,2.0,0.02,0.0,0.0
Aloo Methi,150,4.0,20.0,6.0,2.0,3.0,0.15,0.005,0.001
Gobi Manchurian,250,5.0,30.0,12.0,5.0,4.0,0.3,0.002,0.002
Puliyodarai(Tamarind Rice),250,5.0,40.0,8.0,2.0,4.0,0.2,0.005,0.001
Matar Pulao,200,5.0,35.0,6.0,1.0,3.0,0.15,0.002,0.001
Chicken 65,300,15.0,10.0,20.0,1.0,2.0,0.3,0.01,0.002
Kheer,150,3.0,20.0,7.0,12.0,1.0,0.01,0.002,0.001
Palak Paneer,200,10.0,15.0,12.0,2.0,3.0,0.2,0.015,0.002
Bhatura,250,5.0,30.0,10.0,2.0,2.0,0.2,0.0,0.0
Chole Bhature,300,8.0,40.0,12.0,2.0,5.0,0.3,0.008,0.002
Mango Pickle,50,1.0,10.0,3.0,5.0,2.0,0.1,0.002,0.001
Baingan Bharta,150,5.0,20.0,8.0,2.0,3.0,0.15,0.01,0.001
Papaya Salad,80,1.0,20.0,0.5,8.0,3.0,0.05,0.015,0.001
Paneer Tikka,200,15.0,10.0,10.0,2.0,2.0,0.25,0.008,0.002
Lassi,120,3.0,15.0,6.0,10.0,1.0,0.02,0.005,0.001
Rava Upma,180,5.0,35.0,4.0,1.0,4.0,0.15,0.002,0.001
Palak Puri,200,4.0,30.0,6.0,1.0,3.0,0.15,0.002,0.001
Chicken Saagwala,250,20.0,15.0,10.0,2.0,3.0,0.3,0.01,0.002
Vada Pav,300,5.0,40.0,12.0,5.0,6.0,0.4,0.01,0.002
Rajasthani Gatte Ki Sabzi,180,6.0,25.0,7.0,2.0,4.0,0.2,0.01,0.001
Chicken Chettinad,300,25.0,10.0,15.0,2.0,3.0,0.35,0.01,0.002
Kadhi Pakora,150,5.0,15.0,7.0,2.0,4.0,0.2,0.005,0.001
Malai Kofta,250,8.0,20.0,15.0,3.0,3.0,0.25,0.008,0.002
Methi Thepla,150,4.0,25.0,4.0,0.0,2.0,0.2,0.002,0.001
Kofta Curry,250,10.0,15.0,18.0,3.0,2.0,0.25,0.005,0.001
Baingan Bharta,120,5.0,15.0,6.0,2.0,3.0,0.15,0.01,0.001
Gajar Halwa,200,3.0,30.0,8.0,15.0,2.0,0.02,0.0,0.0
Masala Papad,50,2.0,5.0,3.0,1.0,2.0,0.05,0.0,0.0
Kachumber Salad,30,1.0,5.0,1.0,2.0,1.0,0.02,0.01,0.001
Missi Roti,150,6.0,20.0,5.0,1.0,2.0,0.15,0.0,0.0
Samosa,200,3.0,25.0,10.0,2.0,2.0,0.15,0.005,0.001
Pani Puri,100,2.0,20.0,2.0,3.0,2.0,0.1,0.002,0.001
Rasam,50,2.0,10.0,1.0,1.0,1.0,0.05,0.002,0.001
Jhalmuri,120,3.0,25.0,2.0,1.0,4.0,0.1,0.002,0.001
Dum Aloo,180,4.0,20.0,10.0,2.0,3.0,0.2,0.005,0.001
Masala Chaas,40,2.0,5.0,1.0,2.0,1.0,0.03,0.002,0.0
Palak Pakora,150,5.0,15.0,7.0,1.0,2.0,0.15,0.005,0.001
Bisi Bele Bath,250,8.0,40.0,5.0,2.0,5.0,0.25,0.005,0.002
Aloo Jeera,120,3.0,20.0,5.0,1.0,2.0,0.15,0.005,0.001
Dal Makhani,250,10.0,25.0,12.0,2.0,5.0,0.25,0.008,0.002
Pesarattu (Green Gram Dosa),180,6.0,25.0,5.0,1.0,4.0,0.2,0.002,0.001
Baingan Bhaja,100,2.0,15.0,4.0,1.0,3.0,0.1,0.002,0.001
Malabar Parotta,200,4.0,25.0,10.0,0.0,2.0,0.15,0.0,0.0
Mutton Biryani,350,25.0,30.0,18.0,2.0,3.0,0.4,0.01,0.002
Soya Chaap,180,15.0,10.0,8.0,1.0,2.0,0.2,0.005,0.001
Kokum Sharbat,80,1.0,20.0,0.0,15.0,1.0,0.01,0.002,0.0
Paneer Bhurji,150,10.0,5.0,12.0,2.0,1.0,0.2,0.01,0.001
Keema Samosa,200,6.0,20.0,10.0,2.0,2.0,0.15,0.005,0.001
Chapati,100,3.0,20.0,1.0,0.0,2.0,0.1,0.0,0.0
Mutton Rogan Josh,300,20.0,15.0,18.0,2.0,3.0,0.3,0.01,0.002
Rajma Masala,180,8.0,25.0,6.0,2.0,7.0,0.3,0.005,0.002
Tandoori Naan,150,5.0,20.0,4.0,0.0,2.0,0.15,0.0,0.0
Chicken Tikka,200,18.0,3.0,12.0,1.0,2.0,0.25,0.008,0.002
Methi Paratha,150,4.0,20.0,5.0,1.0,2.0,0.15,0.0,0.0
Mango Chutney,80,1.0,20.0,0.5,15.0,1.0,0.02,0.005,0.001
Rava Kesari,200,3.0,40.0,5.0,20.0,1.0,0.01,0.002,0.001
Guava,68,2.6,14.0,0.9,9.0,5.4,0.002,0.228,0.002
Papaya,59,0.5,15.0,0.4,8.9,2.3,0.008,0.086,0.002
Mango,60,0.8,15.0,0.4,14.0,1.6,0.001,0.054,0.001
Banana,105,1.3,27.0,0.3,14.0,2.6,0.001,0.105,0.001
Pineapple,50,0.5,13.0,0.1,9.0,1.4,0.001,0.047,0.001
Pomegranate,83,1.7,18.7,1.2,9.0,4.0,0.003,0.01,0.001
Apple,52,0.3,14.0,0.2,10.0,2.4,0.0,0.054,0.0
Orange,43,1.0,8.3,0.2,8.2,2.3,0.0,0.043,0.001
Kiwi,61,1.1,14.6,0.5,9.0,3.1,0.003,0.092,0.001
Watermelon,30,0.6,8.0,0.2,6.0,0.4,0.001,0.012,0.001
Mango Lassi,150,3.0,25.0,4.0,15.0,1.0,0.02,0.005,0.001
Grapes,69,0.6,18.0,0.2,16.0,0.9,0.002,0.003,0.0
Sitaphal(Custard Apple),94,2.1,23.6,0.5,14.9,2.4,0.007,0.018,0.001
Jamun,60,0.9,14.0,0.3,9.7,0.6,0.015,0.018,0.002
Sapota(Chikoo),83,0.9,19.0,0.5,16.5,5.3,0.012,0.02,0.002
Jackfruit,95,2.5,24.0,0.3,19.0,2.5,0.002,0.023,0.002
Strawberry,32,0.7,7.7,0.3,4.9,2.0,0.001,0.016,0.001
Chikoo Milkshake,120,2.0,28.0,1.0,15.0,4.0,0.02,0.002,0.001
Banana Smoothie,120,2.0,30.0,1.0,20.0,3.0,0.01,0.005,0.001
Kokum Sherbet,50,0.5,12.0,0.0,10.0,1.0,0.005,0.002,0.0
Fig (Anjeer),74,0.8,19.0,0.3,16.0,2.9,0.001,0.003,0.002
Dates,282,2.5,75.0,0.4,63.0,8.0,0.002,0.002,0.002
Custard Apple Milkshake,150,2.0,30.0,2.0,18.0,4.0,0.015,0.008,0.001
Mango Chaat,100,1.0,25.0,0.5,15.0,2.0,0.01,0.03,0.001
Pomegranate Raita,90,3.0,12.0,4.0,5.0,2.0,0.03,0.005,0.001
Mango Sorbet,120,1.0,30.0,0.0,25.0,2.0,0.005,0.01,0.001
Lychee,66,0.8,17.0,0.4,9.0,1.3,0.001,0.136,0.001
Kesar Pista Milk,150,5.0,15.0,7.0,10.0,1.0,0.02,0.006,0.001
Papaya Smoothie,120,2.0,30.0,0.5,20.0,4.0,0.01,0.01,0.001
Guava Chaat,80,2.0,20.0,0.5,10.0,4.0,0.005,0.04,0.002
Kokum Panna,60,0.5,15.0,0.0,12.0,1.0,0.005,0.002,0.0
Dragon Fruit,60,1.0,13.0,1.0,8.0,3.0,0.002,0.009,0.001
Kokum Jelly,100,0.5,25.0,0.2,15.0,1.0,0.01,0.005,0.001
Kiwi Salad,70,1.5,15.0,1.0,8.0,3.0,0.005,0.092,0.001
Mango Lollipop,40,0.5,10.0,0.0,7.0,1.0,0.002,0.005,0.0
Jamun Juice,50,1.0,12.0,0.0,10.0,1.0,0.005,0.018,0.001
Lychee Sarbat,120,1.0,30.0,0.5,25.0,2.0,0.005,0.01,0.001
Masala Chai,50,1.0,10.0,1.0,5.0,1.0,0.01,0.0,0.0
Buttermilk,30,2.0,4.0,1.0,2.0,0.0,0.02,0.002,0.001
Thandai,100,2.0,20.0,3.0,15.0,2.0,0.01,0.005,0.001
Aam Panna,70,1.0,18.0,0.5,12.0,2.0,0.005,0.015,0.001
Jaljeera,40,1.0,10.0,0.5,7.0,1.0,0.01,0.005,0.001
Kokum Sharbat,60,0.5,15.0,0.0,12.0,1.0,0.005,0.002,0.0
Mango Juice (Packaged),120,1.0,30.0,0.5,25.0,2.0,0.005,0.01,0.001
Lemonade,30,0.5,8.0,0.0,6.0,1.0,0.002,0.01,0.001
Iced Tea (Packaged),70,0.0,18.0,0.0,15.0,0.0,0.005,0.002,0.001
Coconut Water,46,0.9,8.9,0.2,6.0,2.7,0.005,0.003,0.002
Rose Sherbet,80,0.5,20.0,0.0,18.0,1.0,0.005,0.01,0.001
Chaas (Spiced Buttermilk),25,2.0,3.0,1.0,1.0,0.0,0.015,0.002,0.001
Kesar Badam Milk,120,5.0,15.0,6.0,10.0,1.0,0.02,0.005,0.002
Ginger Tea,30,1.0,5.0,1.0,3.0,1.0,0.005,0.0,0.0
Bel (Wood Apple) Sharbat,70,0.5,18.0,0.3,15.0,2.0,0.005,0.015,0.001
Guava Juice (Packaged),100,1.0,25.0,0.5,20.0,2.0,0.005,0.015,0.001
Sattu Drink,60,5.0,10.0,1.0,2.0,3.0,0.01,0.008,0.002
Nimbu Pani,40,0.5,10.0,0.0,8.0,1.0,0.002,0.01,0.001
Mango Lassi (Packaged),150,2.0,30.0,2.0,18.0,2.0,0.01,0.005,0.001
Kokum Solkadhi,50,1.0,12.0,0.5,10.0,1.0,0.005,0.002,0.001
Aam Ras (Packaged),120,1.0,30.0,0.5,25.0,2.0,0.005,0.01,0.001
Jaljeera Soda (Packaged),90,0.5,22.0,0.0,15.0,1.0,0.01,0.005,0.001
Kokum Juice (Packaged),80,0.5,20.0,0.2,12.0,1.0,0.005,0.002,0.001
Masala Lemonade (Packaged),70,0.5,18.0,0.0,15.0,1.0,0.002,0.01,0.001
Thums Up (Indian Cola),150,0.0,38.0,0.0,36.0,0.0,0.02,0.0,0.0
Pepsi (Packaged),140,0.0,37.0,0.0,36.0,0.0,0.025,0.0,0.0
Limca (Lemon-Lime Soda),110,0.0,28.0,0.0,26.0,0.0,0.015,0.0,0.0
Sprite (Packaged),130,0.0,34.0,0.0,33.0,0.0,0.02,0.0,0.0
Frooti (Mango Drink),100,0.0,25.0,0.0,20.0,0.0,0.015,0.0,0.0
Maaza (Mango Drink),120,0.0,30.0,0.0,28.0,0.0,0.018,0.0,0.0
Rooh Afza Sharbat (Concentrate),70,0.0,18.0,0.0,15.0,0.0,0.01,0.002,0.001
Paper Boat Aamras (Packaged),120,1.0,30.0,0.5,25.0,2.0,0.005,0.01,0.001
Lassi (Packaged),100,2.0,15.0,4.0,15.0,1.0,0.02,0.005,0.002
Tzinga Energy Drink,120,0.0,30.0,0.0,28.0,0.0,0.018,0.0,0.0
Bovonto (Indian Cola),150,0.0,38.0,0.0,36.0,0.0,0.02,0.0,0.0
Appy Fizz (Apple Drink),90,0.0,22.0,0.0,18.0,0.0,0.01,0.002,0.001
Mirinda (Orange Drink),120,0.0,30.0,0.0,28.0,0.0,0.018,0.0,0.0
Boroline (Packaged),10,0.0,2.0,0.0,0.0,0.0,0.0,0.0,0.0
Rooh Afza Lemonade (Packaged),80,0.0,20.0,0.0,18.0,1.0,0.005,0.01,0.001
Rasna (Fruit Drink Mix),60,0.0,15.0,0.0,12.0,0.0,0.005,0.002,0.001
Kala Khatta (Packaged),70,0.0,18.0,0.0,15.0,0.0,0.01,0.002,0.001
Sosyo (Indian Cola),120,0.0,30.0,0.0,28.0,0.0,0.018,0.0,0.0
Coca-Cola (Packaged),140,0.0,39.0,0.0,39.0,0.0,0.023,0.0,0.0
Thums Up (Packaged),150,0.0,38.0,0.0,36.0,0.0,0.02,0.0,0.0
7UP (Packaged),140,0.0,36.0,0.0,34.0,0.0,0.015,0.0,0.0
Mountain Dew (Packaged),170,0.0,46.0,0.0,45.0,0.0,0.03,0.0,0.0
Appy Classic (Apple Drink),80,0.0,20.0,0.0,16.0,0.0,0.005,0.002,
Taj Mahal Tea (Packaged),5,0.0,1.0,0.0,0.0,0.0,0.0,0.0,0.0
Kissan Mixed Fruit Jam (Packaged),50,0.0,13.0,0.0,10.0,0.5,0.005,0.0,0.0
Bru Instant Coffee (Packaged),2,0.0,0.0,0.0,0.0,0.0,0.0,0.0,0.0
Real Fruit Power (Packaged),60,0.0,15.0,0.0,12.0,0.0,0.005,0.002,0.001
Bournvita (Malt Drink Mix),80,2.0,15.0,1.0,10.0,2.0,0.015,0.005,0.002
Horlicks (Malt Drink Mix),100,3.0,15.0,2.0,12.0,3.0,0.01,0.006,0.002
Pani Puri (Golgappa),10,0.5,2.0,0.0,0.0,0.0,0.005,0.0,0.0
Bhel Puri,150,3.0,30.0,5.0,5.0,2.0,0.01,0.008,0.001
Vada Pav,300,5.0,45.0,12.0,3.0,3.0,0.02,0.006,0.001
Samosa,120,2.0,15.0,6.0,2.0,1.0,0.01,0.002,0.001
Paneer Tikka,200,10.0,15.0,12.0,5.0,2.0,0.015,0.01,0.002
Kachori,250,3.0,20.0,16.0,3.0,1.0,0.01,0.004,0.002
Chole Bhature,500,10.0,60.0,20.0,5.0,5.0,0.025,0.008,0.003
Pav Bhaji,350,5.0,50.0,15.0,8.0,4.0,0.02,0.01,0.002
Dahi Puri,120,3.0,20.0,4.0,2.0,1.0,0.005,0.006,0.001
Aloo Tikki,100,2.0,15.0,4.0,1.0,2.0,0.005,0.002,0.001
Dosa with Coconut Chutney,250,5.0,50.0,2.0,2.0,5.0,0.015,0.006,0.002
Kathi Roll (Paneer),300,10.0,25.0,15.0,3.0,2.0,0.01,0.008,0.002
Pav Bhaji Pizza,400,8.0,45.0,20.0,5.0,3.0,0.02,0.01,0.002
Chicken Biryani,500,20.0,60.0,20.0,2.0,4.0,0.025,0.01,0.002
Chole Kulche,350,10.0,60.0,5.0,2.0,6.0,0.015,0.008,0.003
Idli Sambhar,200,4.0,40.0,1.0,1.0,4.0,0.01,0.006,0.002
Momos with Spicy Sauce,150,5.0,20.0,5.0,3.0,2.0,0.015,0.002,0.001
Jalebi,250,1.0,60.0,10.0,30.0,1.0,0.005,0.002,0.001
Aloo Chaat,180,3.0,25.0,8.0,5.0,3.0,0.01,0.004,0.001
Bread Pakora,200,5.0,20.0,12.0,3.0,2.0,0.015,0.002,0.001
Veg Hakka Noodles,300,8.0,45.0,10.0,2.0,4.0,0.015,0.002,0.001
Chicken Seekh Kebab,180,15.0,5.0,12.0,1.0,2.0,0.01,0.006,0.002
Papdi Chaat,200,4.0,25.0,10.0,5.0,2.0,0.01,0.004,0.001
Raj Kachori,350,6.0,40.0,18.0,6.0,3.0,0.015,0.002,0.002
Kadai Paneer,250,12.0,15.0,18.0,4.0,2.0,0.01,0.008,0.002
Aloo Paratha,350,8.0,50.0,15.0,2.0,5.0,0.015,0.006,0.002
Dabeli,300,5.0,40.0,12.0,4.0,3.0,0.02,0.01,0.001
Paneer Pakora,180,10.0,15.0,12.0,2.0,1.0,0.015,0.002,0.001
Egg Roll,250,12.0,20.0,15.0,2.0,2.0,0.01,0.006,0.002
Vada Pav,200,4.0,25.0,10.0,3.0,2.0,0.01,0.004,0.001
Schezwan Dosa,280,6.0,40.0,10.0,3.0,4.0,0.015,0.006,0.002
Ragda Pattice,350,8.0,55.0,12.0,5.0,3.0,0.02,0.008,0.003
Chana Chaat,180,5.0,30.0,5.0,4.0,3.0,0.01,0.004,0.001
Mutton Biryani,550,25.0,60.0,25.0,2.0,4.0,0.025,0.01,0.002
Paneer Tikka Pizza,400,12.0,35.0,18.0,4.0,3.0,0.02,0.01,0.002
Bhutte Ka Kees,200,5.0,30.0,8.0,2.0,3.0,0.01,0.006,0.002
Kalmi Kebab,220,18.0,10.0,15.0,1.0,2.0,0.01,0.006,0.002
Chole Bhature,450,12.0,60.0,20.0,4.0,5.0,0.025,0.008,0.003
Baida Roti,300,15.0,20.0,18.0,2.0,2.0,0.01,0.006,0.002
Dhokla,120,5.0,20.0,2.0,2.0,2.0,0.005,0.004,0.001
Mutton Roll,300,15.0,25.0,15.0,2.0,2.0,0.015,0.006,0.002
Bhurji Pav,250,10.0,15.0,18.0,3.0,2.0,0.01,0.008,0.002
Methi Thepla,200,5.0,30.0,8.0,2.0,3.0,0.01,0.006,0.002
Keema Samosa,180,8.0,15.0,10.0,2.0,1.0,0.01,0.002,0.001
Fish Curry Rice,400,20.0,40.0,15.0,2.0,4.0,0.02,0.01,0.002
Kadai Chicken,300,18.0,12.0,20.0,4.0,2.0,0.01,0.008,0.002
Mysore Pak,200,5.0,30.0,10.0,20.0,2.0,0.005,0.002,0.001
Butter Chicken,450,20.0,25.0,30.0,3.0,2.0,0.02,0.01,0.002
Palak Chaat,180,5.0,25.0,8.0,4.0,2.0,0.01,0.004,0.001
Tandoori Momos,250,12.0,20.0,12.0,3.0,2.0,0.015,0.002,0.001
Chole Samosa Chaat,250,7.0,40.0,8.0,6.0,3.0,0.015,0.004,0.001
Achari Paneer Tikka,180,12.0,10.0,14.0,2.0,2.0,0.01,0.006,0.002
Misal Pav,300,10.0,45.0,12.0,5.0,4.0,0.02,0.008,0.002
Chicken Korma,350,15.0,20.0,25.0,3.0,2.0,0.015,0.008,0.002
Dahi Ke Kebab,200,8.0,15.0,12.0,2.0,1.0,0.01,0.006,0.002
Bread Upma,220,6.0,30.0,8.0,3.0,4.0,0.01,0.004,0.001
Pav Bhaji Cones,180,5.0,25.0,10.0,4.0,2.0,0.01,0.004,0.001
Rajma Chawal Cutlet,150,6.0,20.0,6.0,2.0,3.0,0.01,0.002,0.001
Cheese Burst Pizza,400,15.0,40.0,20.0,6.0,3.0,0.025,0.01,0.002
Paneer Chilli Dosa,300,10.0,25.0,15.0,4.0,3.0,0.015,0.006,0.002
Aloo Tikki Burger,300,8.0,45.0,12.0,5.0,4.0,0.02,0.008,0.002
Fish Tikka Wrap,250,15.0,20.0,15.0,3.0,2.0,0.015,0.006,0.002
Papad Chaat,180,3.0,20.0,10.0,4.0,2.0,0.01,0.004,0.001
Mughlai Paratha,350,10.0,50.0,15.0,2.0,5.0,0.015,0.006,0.002
Veg Momos,120,5.0,15.0,6.0,1.0,2.0,0.01,0.002,0.001
Chilli Cheese Toast,200,8.0,20.0,10.0,3.0,2.0,0.015,0.002,0.001
Chicken Kathi Roll,300,15.0,25.0,18.0,2.0,2.0,0.01,0.006,0.002
Pav Bhaji Fondue,350,8.0,50.0,15.0,8.0,4.0,0.02,0.01,0.002
Poha Cutlet,180,5.0,25.0,8.0,3.0,2.0,0.01,0.004,0.001
Dal Baati Churma,400,15.0,40.0,20.0,2.0,4.0,0.025,0.01,0.002
Masala Dosa,320,10.0,40.0,15.0,6.0,3.0,0.018,0.008,0.002
Achari Chicken Roll,280,15.0,20.0,18.0,2.0,2.0,0.012,0.006,0.002
Bhindi Kurkure,180,4.0,25.0,8.0,4.0,3.0,0.01,0.004,0.001
Chapati Noodles,250,6.0,30.0,12.0,3.0,4.0,0.015,0.006,0.002
Bread Pakora Burger,300,8.0,40.0,12.0,5.0,3.0,0.02,0.008,0.002
Kheema Pav,350,18.0,20.0,25.0,3.0,2.0,0.015,0.008,0.002
Maggi Pakora,200,5.0,25.0,10.0,3.0,2.0,0.01,0.002,0.001
Palak Corn Sandwich,180,8.0,20.0,8.0,2.0,2.0,0.01,0.006,0.002
Vegetarian Momos,150,6.0,15.0,8.0,1.0,2.0,0.01,0.002,0.001
Gulab Jamun Shake,250,5.0,30.0,10.0,20.0,2.0,0.005,0.002,0.001
Paneer Frankie,300,12.0,25.0,15.0,3.0,2.0,0.012,0.006,0.002
Aloo Bonda,180,5.0,20.0,10.0,2.0,2.0,0.01,0.004,0.001
Chilli Paneer Pizza,400,15.0,35.0,20.0,5.0,3.0,0.02,0.01,0.002
Dhokla Sandwich,250,7.0,30.0,10.0,3.0,3.0,0.01,0.006,0.002
Mutton Kebab Roll,350,20.0,15.0,25.0,4.0,2.0,0.015,0.008,0.002
Rajma Pizza,300,10.0,40.0,12.0,4.0,3.0,0.02,0.008,0.003
Veg Hakka Noodles Wrap,280,8.0,35.0,12.0,2.0,4.0,0.015,0.006,0.002
Cheese Pav Bhaji,350,10.0,45.0,15.0,8.0,4.0,0.02,0.01,0.002
Chicken 65 Burger,320,18.0,20.0,20.0,3.0,2.0,0.015,0.008,0.002
Peanut Masala Chaat,200,8.0,15.0,12.0,4.0,2.0,0.01,0.004,0.001
Chicken Tikka Biryani,500,25.0,60.0,20.0,2.0,4.0,0.025,0.01,0.002
Mushroom Manchurian Roll,300,10.0,25.0,18.0,3.0,2.0,0.01,0.006,0.002
Gobi 65,250,8.0,30.0,12.0,2.0,3.0,0.015,0.006,0.002
Samosa Chaat Salad,200,5.0,25.0,10.0,4.0,2.0,0.01,0.004,0.001
Kadai Veg Noodles,280,6.0,40.0,10.0,2.0,4.0,0.015,0.002,0.001
Masala Dosa Wrap,350,8.0,45.0,15.0,3.0,5.0,0.02,0.008,0.002
Punjabi Chole Burrito,300,10.0,35.0,12.0,4.0,3.0,0.02,0.01,0.002
Pav Bhaji Tostada,380,10.0,50.0,18.0,6.0,3.0,0.025,0.008,0.002
Aloo Gobi Quesadilla,320,8.0,35.0,15.0,4.0,2.0,0.015,0.006,0.002
Chicken Keema Naanwich,400,20.0,30.0,22.0,3.0,2.0,0.015,0.008,0.002
Dahi Puri,180,5.0,20.0,10.0,3.0,2.0,0.01,0.004,0.001
Veggie Pizza Dosa,320,10.0,35.0,15.0,4.0,3.0,0.018,0.008,0.002
Paneer Tikka Nachos,280,12.0,20.0,18.0,2.0,2.0,0.012,0.006,0.002
Aloo Tikki Pizza,350,10.0,45.0,12.0,5.0,3.0,0.02,0.008,0.002
Chana Chaat Wrap,250,8.0,30.0,10.0,4.0,2.0,0.015,0.006,0.002
Pav Bhaji Tacos,300,8.0,40.0,15.0,6.0,3.0,0.02,0.01,0.002
Chicken 65 Quesadilla,380,18.0,30.0,22.0,3.0,2.0,0.015,0.008,0.002
Vada Pav Sliders,320,10.0,35.0,15.0,4.0,2.0,0.015,0.006,0.002
Bhel Puri Salad,200,5.0,25.0,10.0,3.0,2.0,0.01,0.004,0.001
Masala Maggi Waffles,250,6.0,30.0,12.0,2.0,4.0,0.015,0.002,0.001
Gulab Jamun,150,2.0,20.0,8.0,15.0,1.0,0.005,0.002,0.001
Jalebi,200,1.0,30.0,10.0,20.0,1.0,0.005,0.002,0.001
Rasgulla,100,2.0,25.0,1.0,18.0,1.0,0.005,0.002,0.001
Kaju Katli,180,4.0,15.0,12.0,12.0,2.0,0.005,0.002,0.001
Mysore Pak,250,5.0,30.0,15.0,25.0,2.0,0.005,0.002,0.001
Rasmalai,180,5.0,20.0,10.0,22.0,1.0,0.005,0.002,0.001
Barfi,120,3.0,15.0,8.0,14.0,1.0,0.005,0.002,0.001
Sandesh,100,2.0,18.0,5.0,12.0,1.0,0.005,0.002,0.001
Besan Ladoo,160,3.0,20.0,8.0,16.0,2.0,0.005,0.002,0.001
Peda,140,2.0,25.0,6.0,18.0,1.0,0.005,0.002,0.001
Rabri,180,4.0,25.0,10.0,15.0,1.0,0.005,0.002,0.001
Kalaadi,160,8.0,10.0,12.0,10.0,2.0,0.008,0.004,0.002
Kesar Peda,200,3.0,30.0,8.0,20.0,2.0,0.005,0.002,0.001
Coconut Ladoo,150,2.0,20.0,8.0,18.0,1.0,0.005,0.002,0.001
Cham Cham,180,2.0,30.0,10.0,20.0,1.0,0.005,0.002,0.001
Shrikhand,120,5.0,15.0,6.0,14.0,1.0,0.005,0.002,0.001
Balushahi,220,3.0,25.0,12.0,22.0,1.0,0.005,0.002,0.001
Kaju Anjeer Roll,250,6.0,20.0,15.0,18.0,2.0,0.005,0.002,0.001
Gajar Halwa,200,3.0,25.0,10.0,15.0,2.0,0.005,0.002,0.001
Chhena Poda,180,4.0,20.0,8.0,18.0,1.0,0.005,0.002,0.001
Modak,120,2.0,25.0,5.0,15.0,1.0,0.005,0.002,0.001
Malpua,180,3.0,30.0,10.0,20.0,1.0,0.005,0.002,0.001
Petha,150,1.0,35.0,5.0,18.0,1.0,0.005,0.002,0.001
Ragi Ladoo,160,4.0,20.0,8.0,12.0,2.0,0.005,0.002,0.001
Kaju Roll,200,5.0,15.0,12.0,18.0,2.0,0.005,0.002,0.001
Gond Ke Ladoo,220,3.0,25.0,10.0,22.0,1.0,0.005,0.002,0.001
Ghevar,250,4.0,30.0,15.0,20.0,1.0,0.005,0.002,0.001
Basundi,180,5.0,20.0,8.0,14.0,1.0,0.005,0.002,0.001
Puran Poli,200,3.0,25.0,10.0,15.0,2.0,0.005,0.002,0.001
Chana Dal Halwa,220,4.0,30.0,12.0,18.0,1.0,0.005,0.002,0.001
Kalakand,180,6.0,20.0,10.0,16.0,1.0,0.005,0.002,0.001
Mawa Kachori,250,5.0,30.0,12.0,20.0,2.0,0.005,0.002,0.001
Raj Bhog,220,3.0,25.0,12.0,18.0,1.0,0.005,0.002,0.001
Gulab Jamun Cheesecake,300,8.0,35.0,15.0,25.0,2.0,0.005,0.002,0.001
Kaju Malai Peda,200,4.0,25.0,10.0,18.0,2.0,0.005,0.002,0.001
Cham Cham Cupcakes,180,3.0,20.0,8.0,15.0,1.0,0.005,0.002,0.001
Mysore Pak Ice Cream,250,5.0,30.0,12.0,22.0,1.0,0.005,0.002,0.001
Gajar Ki Kheer,150,3.0,20.0,6.0,14.0,1.0,0.005,0.002,0.001
Malai Sandwich,200,4.0,25.0,8.0,18.0,2.0,0.005,0.002,0.001
Gond Ke Ladoo,220,5.0,30.0,10.0,20.0,1.0,0.005,0.002,0.001
